sequence,actual_fitness,predicted_fitness,raw_score
VSNKYFSNIHWGC,1.000000425,0.9979,39.71
NVIFGCWYSSHNK,0.8448355,0.861875,42.67
NVWCGFSHKISNY,0.913756113,0.909208,41.64
CHNVNFYWKIGSS,0.733591125,0.699656,46.2
FSIVYKNCGSNWH,0.192433263,0.127983,58.64
IWVSYKCFSNNGH,0.096314,0.156015,58.03
IKNYCNSGWSHFV,1.143351213,1.174825,35.86
NSVWHCFKINSGY,0.03160995,0.037913,60.6
GVSCFISKYNNWH,1.606166563,1.595767,26.7
INHVSYWKNCSGF,0.115323588,0.120171,58.81
NCVYHGISFWKNS,0.998286988,0.993765,39.8
SHCVNFINYKGWS,1.197255388,1.221699,34.84
SNCYIFNSVGWHK,0.942000513,0.91794,41.45
KYSNFIGCWVSHN,0.876699363,0.881176,42.25
NCSSKFIVHGWYN,0.764739575,0.73596,45.41
YSISKHNWNGVFC,1.367211988,1.344856,32.16
NCYSWVIGFSNHK,1.4301672,1.437684,30.14
NSYGCSHIVFNWK,1.876544475,1.897688,20.13
NSHIKWVGCSYFN,1.0644493,1.045693,38.67
NICFSNHYGKVWS,0.889498288,0.893124,41.99
NVCIYNGSHKFWS,1.279987513,1.25065,34.21
SNCKWGVNHYFIS,0.067247475,0.072838,59.84
GISKYCFSNHVNW,0.0826623,0.088462,59.5
NSYKCINVSHWGF,1.6078636,1.621042,26.15
FWIYKHNCVSNGS,0.405128575,0.443231,51.78
