sequence,fitness,E1 Prediction,E2 Prediction,E3 Prediction,E4 Prediction,E5 Prediction,E6 Prediction,E7 Prediction,E8 Prediction
KKKKKKKKKKKK,12.5,14.74,13.08,13.88,15.13,16.67,16.2,17.13,19.65
KSKSKSKSKSKS,17.0,16.9,13.08,14.74,16.74,13.83,18.3,12.0,13.34
KHKHKHKHKHKH,12.7,14.49,13.08,13.96,15.13,10.42,13.04,12.0,13.34
KGKGKGKGKGKG,10.8,13.32,13.08,14.16,15.13,13.83,13.04,12.0,13.34
KSSKSSKSSKSS,13.2,16.74,13.08,15.03,16.15,12.88,13.74,10.29,11.24
KGGKGGKGGKGG,11.8,13.35,13.08,14.25,15.13,12.88,11.99,10.29,11.24
KSSSKSSSKSSS,13.0,16.66,13.08,15.18,15.86,12.4,12.71,9.43,10.19
KGGGKGGGKGGG,12.1,13.37,13.08,14.3,15.13,12.4,11.46,9.43,10.19
RRRRRRRRRRRR,22.0,21.8,13.76,17.07,23.27,21.06,13.27,16.08,19.85
RSRSRSRSRSRS,12.8,16.18,12.99,16.34,16.82,16.02,11.58,11.47,13.44
RGRGRGRGRGRG,17.2,17.52,13.42,15.76,19.2,16.02,11.58,21.56,13.44
RHRHRHRHRHRH,5.5,10.24,12.46,11.29,8.53,9.65,10.9,11.47,13.44
RTRTRTRTRTRT,18.7,19.29,13.64,17.07,21.69,26.5,24.95,20.49,13.44
RTTRTTRTTRTT,16.3,17.08,13.37,15.68,19.17,21.01,20.13,15.67,11.31
RTTTRTTTRTTT,18.9,15.98,13.23,14.99,17.91,18.26,17.72,13.27,10.24
TTTTTTTTTTTT,6.5,13.0,12.87,13.25,14.39,10.98,11.63,6.86,7.04
TKTKTKTKTKTK,14.1,17.08,13.19,15.47,14.76,13.83,13.92,12.0,13.34
DTDTDTDTDTDT,2.2,7.2,12.25,10.02,4.74,4.45,5.84,5.06,7.04
ETETETETETET,1.7,6.07,12.0,10.7,3.78,-1.16,3.92,6.86,7.04
TTKTTKTTKTTK,12.6,15.6,13.07,14.62,14.64,12.88,13.16,10.29,11.24
DTTDTTDTTDTT,4.0,9.02,12.45,10.98,7.96,6.63,7.77,5.66,7.04
ETTETTETTETT,4.4,8.26,12.28,11.43,7.32,2.89,6.49,6.86,7.04
TTTKTTTKTTTK,13.8,14.87,13.01,14.19,14.57,12.4,12.78,9.43,10.19
DTTTDTTTDTTT,4.0,9.93,12.54,11.46,9.57,7.71,8.73,5.96,7.04
ETTTETTTETTT,4.0,9.36,12.42,11.8,9.09,4.91,7.78,6.86,7.04
TTTTTKTTTTTK,13.8,14.13,12.95,13.76,14.51,11.93,12.4,8.58,9.14
DTTTTTDTTTTT,7.2,10.84,12.64,11.94,11.17,8.8,9.7,6.26,7.04
ETTTTTETTTTT,5.9,10.46,12.56,12.16,10.85,6.93,9.06,6.86,7.04
DSDSDSDSDSDS,2.5,7.02,12.14,9.29,5.12,4.45,4.96,5.06,7.04
DSSSDSSSDSSS,7.0,11.73,12.61,12.45,10.12,7.71,7.42,5.96,7.04
DSSSSSDSSSSS,9.1,13.29,12.77,13.5,11.79,8.8,8.24,6.26,7.04
KKRKKHKKGKKP,11.9,14.23,13.09,14.47,15.73,15.05,13.47,14.48,16.51
KKAKKKGKKHKK,9.9,13.58,12.94,14.11,14.56,14.68,14.62,14.57,14.25
KKGKKKGKKHKK,11.3,14.28,13.08,13.99,15.13,14.68,14.62,14.57,16.5
KKGKKKGKKPKK,9.3,13.31,13.03,14.24,13.44,15.25,13.72,14.57,16.5
MPRRRRSSSRPVRRRRRPRVSRRRRRRGGRRRR,19.0,20.5,13.77,15.41,23.66,26.05,13.11,24.34,29.46
DWNNYLYQNLH,0.0,7.11,12.2,9.89,6.37,7.27,5.11,7.81,7.04
SYYWLWWHQQI,0.0,6.52,12.05,11.45,6.54,5.27,4.14,7.57,7.04
NWNWWGLSYLA,0.0,7.04,12.13,10.98,9.09,8.41,8.11,4.71,4.79
NQYSNWNKNYK,6.94,9.52,12.64,12.13,6.38,12.59,12.73,8.63,9.14
NENQWHYYWRQ,0.0,6.62,12.28,10.21,6.14,4.08,5.49,7.63,8.11
NGTLYLNNYYE,0.0,7.3,12.28,9.06,3.05,1.24,3.17,4.71,7.04
NSSNHSNNMPCQ,14.06,13.43,12.79,12.37,10.1,10.41,8.97,6.86,14.2
IRTYLRKRNSTQ,8.03,14.31,12.71,13.43,14.97,12.35,10.92,11.55,11.29
GIFKTTKCKHNS,7.61,15.54,12.76,14.03,13.62,11.84,11.75,13.31,13.21
SNHKMSECRGLR,5.98,13.77,12.63,11.99,13.14,10.54,9.83,9.1,10.23
FNSNKITPTSNM,5.29,14.73,12.56,12.33,10.41,11.46,9.79,9.53,4.58
VNSDPSNGQMRD,4.15,11.91,12.44,11.78,9.11,7.86,7.62,8.92,8.11
LSNRRGREQYAG,7.08,11.1,12.55,12.99,11.64,8.9,7.82,9.93,8.0
QTATENSQMNSG,3.64,11.39,12.54,11.78,11.23,8.96,9.03,6.86,4.79
QTEHYENSARNS,1.09,7.95,12.34,9.92,7.56,4.63,6.26,7.63,5.86
KDRTSKPKRPWC,8.67,12.57,12.82,14.09,13.13,13.45,11.63,11.49,12.33
GRKRGAIWKDTK,12.75,12.37,12.56,14.56,16.1,15.26,15.6,15.87,10.08
CCWHNPKWRRTR,18.46,13.58,12.96,15.53,15.41,19.81,15.27,13.25,11.29
KYTKTRKQSSKA,22.48,13.11,12.88,15.91,21.2,17.9,17.93,11.87,11.61
RGKMPLRWMTRK,17.14,15.31,12.53,14.73,16.48,18.39,12.16,15.81,18.58
GNCPMKVCSPMG,8.89,15.26,12.51,13.92,10.92,10.17,8.59,7.48,8.09
VNLPMVMPNLRM,4.53,15.84,12.17,11.12,10.76,9.25,8.35,5.0,8.11
GPMPMNAKMKLC,5.81,14.2,11.99,12.91,10.35,15.33,11.07,17.74,12.89
KVIRYVVAPMKL,8.94,13.29,12.25,13.88,11.27,9.74,10.5,19.57,13.96
IKGMNIKMPTDQ,9.95,14.37,11.96,13.62,10.88,10.84,11.19,11.83,9.14
MWQMKWTRKTRE,16.24,12.58,12.26,15.48,16.17,18.74,18.24,17.61,11.28
HGRKWKRTKFDD,15.49,12.0,12.73,12.84,15.01,16.81,16.68,15.28,8.82
DKRKIKQKMWWG,10.86,11.53,12.15,14.61,15.75,15.61,13.19,16.8,15.4
RRMVNRTITRMW,15.01,17.14,12.4,15.68,17.4,17.95,13.57,17.38,11.31
HWSTCTRTRTLS,17.1,15.36,13.09,13.89,17.44,15.9,15.57,18.97,9.17
WWWKPKREDFMK,6.58,7.83,12.03,13.75,11.18,9.99,11.38,11.49,7.75
HIKWRLTKGTRT,16.08,15.04,12.83,14.27,17.13,19.45,16.71,14.05,11.28
WDRTSTRPSSVL,13.46,13.18,12.71,11.73,13.84,14.79,11.28,11.82,9.17
KPWHGCASRTKR,16.19014,12.71,12.86,15.85,15.02,13.99,10.83,13.22,10.77
KKRLHWIRWHCG,12.01536,12.89,12.61,14.23,17.29,12.47,11.5,10.82,13.02
RKHHGWRWEQWK,13.59362,9.17,12.5,14.75,15.77,17.52,18.36,19.03,11.28
WFGLQRHLKKKD,19.0715,11.69,12.5,10.04,11.93,14.71,14.56,19.62,13.75
CHLKDLRKMGLR,10.1388,14.56,12.57,10.13,14.94,14.85,14.37,18.38,17.27
KMWDWEQKKKWI,34.11149,7.4,11.6,13.77,11.94,35.88,32.77,33.73,36.29
QRHDSHRHGLWL,7.543669,10.26,12.43,7.85,9.63,9.06,7.22,5.95,9.17
LELKLGKRPMGW,29.24477,11.27,12.19,10.28,12.79,31.29,30.16,26.61,29.79
GQRWLYKMKDSM,11.86265,11.04,11.92,11.57,11.05,14.91,15.02,7.97,10.21
MWVKGMKHKKMK,13.23495,14.4,12.17,14.9,15.13,14.48,12.51,15.17,12.29
LDHTWGKWGHQS,11.50256,9.02,12.41,12.37,13.99,11.49,12.24,9.48,8.09
DKVCKIQKRKWH,12.51172,13.19,12.62,13.24,16.06,13.04,15.7,13.88,13.86
WDWEQKKKWI,31.26163,7.46,11.84,14.04,11.94,24.9,32.24,26.63,35.24
ERQEEKIKKW,20.79427,10.28,12.12,12.34,10.63,9.43,19.59,13.57,11.26
SDGSKIKDRD,8.630329,12.49,12.44,12.55,10.95,8.5,10.75,11.06,10.21
SSDQDRDKWL,16.82505,10.53,12.45,10.51,10.31,10.29,15.04,8.94,9.16
LLRLLGLVER,3.037419,14.42,12.62,7.49,13.29,9.35,7.43,2.78,9.17
KEEVWLKWLI,13.42497,9.99,12.04,9.0,10.18,13.85,14.25,19.8,15.13
KGKLDKDRNL,23.28052,12.97,12.55,9.51,11.63,13.96,19.49,19.24,17.25
HDDKNKESDD,7.479407,7.67,12.25,9.38,5.79,4.98,11.61,7.43,9.14
QERRDDILWD,2.296864,8.81,11.96,9.96,8.85,9.97,5.74,11.6,9.17
KRIIEDDQLE,15.19034,10.24,11.9,10.35,9.62,9.77,16.27,11.5,9.16
VCNRIEPLKPIL,21.82239,13.71,12.05,11.18,10.85,12.38,9.69,23.22,15.15
LHSSQWLKVDHLL,18.17873,11.01,12.49,7.23,12.95,12.93,9.49,13.12,14.08
VINKVISNPCVN,8.107188,15.63,12.6,12.01,10.93,7.6,9.5,10.58,8.09
GNKKNWRWYKNR,14.71334,10.63,12.63,13.23,10.91,18.42,16.01,11.05,12.33
ICLKSQPICGID,29.49547,14.46,12.04,13.7,13.29,13.76,10.88,27.34,22.35
LWSDIKMKLKKT,49.37196,13.16,12.14,10.6,12.6,18.58,14.11,40.09,52.16
NWRDCLSLIVPN,3.179373,12.88,12.42,10.19,10.78,8.95,8.44,6.72,8.11
KMGKLIGIPVLK,47.83688,15.52,12.11,12.29,14.53,17.91,14.46,42.66,41.71
NDISMCNKNNNW,8.824446,12.5,12.33,9.97,9.28,10.37,9.58,9.26,8.09
VSLQCWELGPNK,15.70919,11.89,12.55,9.92,10.1,19.05,22.4,12.69,15.25
TVSEPVMMVSVS,7.771304,14.44,12.39,14.16,11.55,3.82,7.98,5.9,7.04
PRSWEVKEKETM,18.27337,9.43,12.1,12.86,8.36,10.22,24.88,24.8,10.21
PGGVRSNDLLEV,11.18031,11.43,12.55,9.34,9.57,12.24,14.9,6.25,8.11
PVNRLGKMSKNR,28.83256,16.31,12.58,11.77,12.59,12.33,10.84,8.82,25.11
VGSVKSGNLRMR,26.22986,16.56,12.89,12.78,15.8,10.57,11.22,7.7,22.56
TSKSKKRMTAKK,29.83349,15.47,12.79,14.51,16.52,14.19,14.34,11.91,26.63
ETNVRVKVVSES,5.707696,11.51,12.78,11.93,11.25,3.11,8.56,7.52,9.16
EPSNLPKGMNEK,24.69024,10.38,12.26,8.75,6.43,8.42,10.2,7.5,9.14
RLWNSGEGRGEN,12.26758,10.46,12.58,7.98,10.36,8.61,7.06,9.16,9.17
ELNTGLVLVNWK,0.0,12.18,12.55,7.98,11.19,15.22,20.46,5.6,8.09
