sequence,fitness,model_0 Prediction,model_1 Prediction,model_10 Prediction,model_11 Prediction,model_12 Prediction,model_13 Prediction,model_14 Prediction,model_15 Prediction,model_16 Prediction,model_17 Prediction,model_18 Prediction,model_19 Prediction,model_2 Prediction,model_20 Prediction,model_21 Prediction,model_22 Prediction,model_23 Prediction,model_24 Prediction,model_25 Prediction,model_26 Prediction,model_27 Prediction,model_28 Prediction,model_29 Prediction,model_3 Prediction,model_30 Prediction,model_31 Prediction,model_32 Prediction,model_33 Prediction,model_34 Prediction,model_35 Prediction,model_36 Prediction,model_37 Prediction,model_38 Prediction,model_39 Prediction,model_4 Prediction,model_40 Prediction,model_41 Prediction,model_42 Prediction,model_43 Prediction,model_44 Prediction,model_45 Prediction,model_46 Prediction,model_47 Prediction,model_48 Prediction,model_49 Prediction,model_5 Prediction,model_6 Prediction,model_7 Prediction,model_8 Prediction,model_9 Prediction
KKKKKKKKKKKK,12.5,4.59,17.48,3.04,24.89,19.14,21.2,13.85,25.88,15.57,23.45,21.12,21.16,16.33,19.55,22.56,5.86,17.59,20.49,25.54,19.99,22.77,4.52,19.49,22.68,21.57,24.33,20.86,24.01,14.7,21.88,21.98,22.14,17.09,23.18,13.2,3.46,21.56,20.3,6.28,20.91,16.63,8.6,19.65,15.45,21.72,22.28,19.96,19.46,20.67,21.84
KSKSKSKSKSKS,17,20.99,13.98,7.6,19.59,17.55,18.12,17.99,17.95,18.37,19.09,16.76,17.53,25.14,18.96,18.57,9.9,13.8,14.67,19.03,20.28,18.06,10.06,17.1,18.18,17.38,16.77,19.87,16.89,18.59,17.78,18.75,17.14,16.93,20.31,16.18,9.53,17.29,17.5,6.28,17.66,13.85,14.81,13.34,16.1,21.72,17.5,15.93,17.65,12.91,19.05
KHKHKHKHKHKH,12.7,6.77,8.63,3.04,6.06,8.94,8.42,8.32,10.53,7.94,10.98,11.08,10.22,8.15,4.97,13.02,7.57,13.8,7.29,12.82,8.21,4.81,4.52,11.1,4.94,9.84,6.77,10.3,14.29,12.32,6.37,11.36,6.44,6.36,11.23,5.8,3.46,11.92,10.87,6.28,10.83,13.85,3.05,13.34,9.49,5.34,0.59,8.5,10.99,12.91,9.1
KGKGKGKGKGKG,10.8,6.77,15.07,5.84,8.12,17.49,14.5,13.24,17.48,15.8,9.46,16.73,8.88,14.92,11.08,13.02,9.72,13.8,20.49,15.86,15.47,8.12,4.52,14.16,7.76,14.79,10.25,14.62,14.29,17.69,10.42,19.1,22.14,16.2,17.6,8.41,7.57,15.73,10.87,6.28,16.64,13.85,8.6,13.34,14.98,7.1,15,15.74,10.99,12.91,13.7
KSSKSSKSSKSS,13.2,15.75,12.82,9.13,17.82,17.02,17.1,14.37,15.31,16.27,17.63,15.31,16.32,19.65,15.75,17.23,11.25,12.54,12.74,16.86,15.95,16.5,11.91,16.3,16.67,15.98,14.26,17.02,14.52,17.37,16.41,17.67,15.48,14.27,17.02,17.17,11.55,15.87,11.95,11.31,16.57,12.92,12.55,11.24,16.31,21.72,15.9,14.58,12.41,10.32,18.13
KGGKGGKGGKGG,11.8,6.71,14.27,6.78,11.95,16.94,12.27,11.19,14.68,12.83,10.6,15.27,5.72,14.46,13.38,9.84,11,12.54,20.49,12.63,13.96,9.21,4.52,15.27,13.18,12.54,12.42,12.53,11.05,16.17,14.59,18.14,22.14,13.3,15.73,6.81,8.94,13.79,7.73,6.28,15.22,12.92,8.6,11.24,14.82,12.42,12.57,14.33,8.17,10.32,10.99
KSSSKSSSKSSS,13,13.14,12.23,9.89,16.94,16.75,16.58,12.57,13.99,15.21,16.91,14.58,15.72,16.9,14.15,16.57,11.92,11.91,11.77,15.78,13.79,15.71,12.83,15.9,15.92,15.28,13,15.59,13.33,16.76,15.72,17.13,14.64,12.93,15.38,17.66,12.56,15.16,9.17,13.83,16.03,12.46,11.42,10.19,16.42,21.72,15.11,13.91,9.79,9.03,17.66
KGGGKGGGKGGG,12.1,6.68,13.87,7.24,13.86,16.66,11.15,10.16,13.28,11.35,11.17,14.53,4.14,14.22,14.53,8.25,11.65,11.91,20.49,11.01,13.21,9.75,4.52,14.74,15.9,11.41,13.5,11.49,9.43,15.41,16.67,17.66,22.14,11.84,14.8,6.01,9.63,12.82,6.15,6.28,14.5,12.46,8.6,10.19,14.74,15.08,11.36,13.62,6.76,9.03,9.63
RRRRRRRRRRRR,22,18.39,5.32,16.39,24.89,10.62,11.42,28.85,25.88,23.37,23.45,1.03,9.89,-0.03,28.56,16.01,15.71,10.02,20.49,25.54,10.67,26.13,15.3,16.55,22.68,11.46,24.33,13.81,4.58,15.55,21.88,12.81,22.14,24.93,10.85,12.22,17.77,2.28,15.79,13.91,11.84,11.07,21.73,19.85,5.68,21.72,22.28,14.06,16.48,10.91,11.86
RSRSRSRSRSRS,12.8,12.49,7.9,14.28,19.59,13.29,13.23,17.99,17.95,17.71,19.09,6.71,11.9,4.86,18.96,15.29,14.83,10.02,14.67,13.24,9.28,19.75,15.31,15.63,18.18,12.32,16.77,12.72,7.18,15.24,17.78,14.16,17.14,16.93,10.8,15.68,16.69,7.65,8.61,10.09,13.12,11.07,15.16,13.44,11.21,21.72,17.5,12.98,9.5,8.03,14.07
RGRGRGRGRGRG,17.2,12.49,8.99,12.51,21.64,13.23,9.61,11.54,17.48,15.13,17.79,6.68,4.58,6.74,22.74,9.75,14.64,10.02,20.49,15.86,10.81,18.36,9.91,14.85,22.68,9.74,20.09,11.09,4.58,14.34,13.55,14.51,22.14,16.2,11.43,7.91,14.73,6.09,8.61,10.09,12.1,11.07,15.16,13.44,10.09,15.86,15,12.79,9.5,8.03,8.71
RHRHRHRHRHRH,5.5,12.49,2.56,9.71,6.06,4.68,3.54,8.32,10.53,7.27,10.98,1.03,4.58,-0.03,4.97,9.75,12.49,10.02,7.29,12.82,3.55,6.49,9.91,9.63,4.94,4.79,6.77,6.77,4.58,8.97,6.37,6.77,6.44,6.36,5.06,5.31,10.62,2.28,8.61,10.09,6.29,11.07,9.62,13.44,4.6,5.34,0.59,5.55,9.5,8.03,4.11
RTRTRTRTRTRT,18.7,27.57,17.83,22.67,16.98,24.18,24.45,17.17,16.91,16.14,19.61,6.28,29.86,21.83,17.93,26.78,23.93,10.02,17.64,16.37,23.85,16.77,26.42,23.43,19.05,28.13,16.93,21.87,15.62,8.97,13.75,22.2,14.75,20.33,28.66,12.24,15.54,17.9,19.61,26.77,21.45,11.07,15.16,13.44,19.58,15.55,14.94,23.99,22.27,26.02,19.59
RTTRTTRTTRTT,16.3,20.12,15.07,18.92,14.34,18.86,19.36,13.28,13.92,13.73,15.11,8.04,22.9,18.13,14.39,18.5,19.85,10.02,13.76,13.32,18.94,13.65,21.52,17.3,15.45,21.69,13.88,16.92,13.69,6.77,11.04,16.64,12.28,18.79,22.06,12.25,14.79,14.46,15.91,19.43,16.33,11.07,12.98,11.31,15.25,13.49,12.49,18.17,17.06,19.36,15.08
RTTTRTTTRTTT,18.9,16.39,13.69,17.05,13.03,16.2,16.81,11.33,12.43,12.52,12.86,8.91,19.43,16.28,12.62,14.36,17.81,10.02,11.82,11.79,16.49,12.09,19.08,14.24,13.66,18.47,12.88,14.45,12.72,5.68,9.69,13.86,11.05,18.03,18.75,12.25,14.42,12.74,14.06,15.77,13.77,11.07,11.88,10.24,13.08,12.46,11.26,15.26,14.45,16.02,12.83
TTTTTTTTTTTT,6.5,6.58,10.45,12.19,9.07,9.51,10.41,5.49,7.95,8.91,6.91,11.54,10.77,12.15,7.3,3.48,12.58,10.02,6.73,7.2,10.34,7.41,12.51,6.15,8.87,10.37,9.06,8.02,10.55,2.38,5.63,6.65,7.35,15.73,10.48,12.26,13.31,8.71,9.17,6.28,7.17,11.07,8.6,7.04,7.57,9.38,7.59,7.73,7.57,7.56,6.99
TKTKTKTKTKTK,14.1,11.11,13.96,7.61,16.98,14.33,15.8,17.17,16.91,16.81,19.61,16.33,15.96,14.24,17.93,13.02,9.22,15.38,17.64,16.37,15.16,15.09,4.52,12.82,19.05,15.97,16.69,14.44,17.28,12.32,13.75,14.31,14.75,20.33,16.83,12.73,8.38,15.13,14.73,18.8,14.04,13.85,8.6,13.34,16.38,15.55,14.94,13.84,20.55,16.33,14.41
DTDTDTDTDTDT,2.2,6.58,5.12,7.61,1.75,4.12,3.03,3.51,-0.46,1.15,2.83,6.28,5.03,6.06,0.48,3.48,6.25,10.02,2.88,-0.26,2.92,-1.48,4.52,4.42,4.18,4.24,3.39,3.88,7.56,2.38,5.53,3.7,3.22,5.2,4.88,3.84,8.38,5.5,5.31,6.28,3.96,0.69,8.6,7.04,3.52,-0.13,2.96,2.38,5.05,6.35,1.68
ETETETETETET,1.7,6.58,5.02,7.61,1,4.12,3.03,0.95,0.78,0.08,1.99,6.28,5.03,6.06,4.94,4.59,6.25,10.02,2.97,3.76,9.63,2.11,4.52,4.42,1.06,4.24,2.05,10.16,7.56,2.38,2.53,3.7,-0.96,2.12,4.88,5.33,8.38,5.5,4.63,6.28,7.32,6.63,8.6,7.04,3.52,1.18,-0.05,7.86,5.05,6.35,6.12
TTKTTKTTKTTK,12.6,9.47,12.79,9.14,14.34,12.72,14.01,13.28,13.92,14.17,15.11,14.73,14.23,13.55,14.39,9.84,10.34,13.55,13.76,13.32,13.56,12.53,7.43,10.59,15.45,14.11,14.15,12.3,15.03,9.01,11.04,11.76,12.28,18.79,14.72,12.58,10.02,12.99,12.88,14.25,11.75,12.92,8.6,11.24,13.36,13.49,12.49,11.8,16.01,13.34,11.94
DTTDTTDTTDTT,4,6.58,6.89,9.14,4.19,5.92,5.49,4.17,2.34,3.74,3.93,8.04,6.94,8.09,2.75,3.48,8.36,10.02,4.03,2.23,5.39,1.48,7.43,5,5.55,6.29,5.28,5.26,8.56,2.38,5.56,4.68,4.6,8.71,6.74,6.64,10.02,6.57,6.59,6.28,5.03,4.15,8.6,7.04,4.99,3.04,4.5,4.16,5.89,6.75,3.45
ETTETTETTETT,4.4,6.58,6.83,9.14,3.84,5.92,5.49,2.48,3.51,3.39,3.57,8.04,6.94,8.09,5.73,4.22,8.36,10.02,4.29,4.9,9.87,4.19,7.43,5,3.8,6.29,2.78,9.45,8.56,2.38,3.56,4.68,2.29,6.93,6.74,7.64,10.02,6.57,6.14,6.28,7.27,8.11,8.6,7.04,4.99,4.17,2.76,7.81,5.89,6.75,6.41
TTTKTTTKTTTK,13.8,8.65,12.2,9.9,13.03,11.92,13.11,11.33,12.43,12.86,12.86,13.93,13.37,13.2,12.62,8.25,10.9,12.63,11.82,11.79,12.75,11.25,8.88,9.48,13.66,13.17,12.88,11.23,13.91,7.35,9.69,10.48,11.05,18.03,13.66,12.5,10.84,11.92,11.95,11.97,10.61,12.46,8.6,10.19,11.85,12.46,11.26,10.78,13.74,11.84,10.7
DTTTDTTTDTTT,4,6.58,7.78,9.9,5.41,6.82,6.72,4.5,3.74,5.03,4.47,8.91,7.9,9.11,3.89,3.48,9.41,10.02,4.6,3.47,6.63,2.96,8.88,5.28,6.23,7.31,6.23,5.95,9.05,2.38,5.58,5.17,5.29,10.46,7.68,8.05,10.84,7.1,7.24,6.28,5.57,5.88,8.6,7.04,5.73,4.62,5.27,5.05,6.31,6.95,4.33
ETTTETTTETTT,4,6.58,7.73,9.9,5.27,6.82,6.72,3.25,4.87,5.04,4.36,8.91,7.9,9.11,6.12,4.04,9.41,10.02,4.95,5.48,9.99,5.22,8.88,5.28,5.18,7.31,4.57,9.09,9.05,2.38,4.08,5.17,3.91,9.34,7.68,8.8,10.84,7.1,6.9,6.28,7.25,8.85,8.6,7.04,5.73,5.66,4.17,7.79,6.31,6.95,6.56
TTTTTKTTTTTK,13.8,7.83,11.62,10.66,11.71,11.11,12.21,9.39,10.94,11.54,10.61,13.14,12.5,12.85,10.85,6.66,11.46,11.71,9.88,10.26,11.95,9.97,10.33,8.37,11.86,12.24,11.6,10.16,12.79,5.7,8.33,9.21,9.82,17.26,12.6,12.42,11.66,10.85,11.02,9.69,9.46,11.99,8.6,9.14,10.33,11.43,10.04,9.76,11.47,10.35,9.47
DTTTTTDTTTTT,7.2,6.58,8.67,10.66,6.63,7.71,7.95,4.83,5.14,6.32,5.02,9.79,8.86,10.12,5.03,3.48,10.47,10.02,5.17,4.71,7.87,4.45,10.33,5.57,6.91,8.33,7.17,6.64,9.55,2.38,5.59,5.67,5.97,12.22,8.61,9.45,11.66,7.64,7.88,6.28,6.1,7.61,8.6,7.04,6.47,6.21,6.05,5.94,6.73,7.15,5.22
ETTTTTETTTTT,5.9,6.58,8.64,10.66,6.69,7.71,7.95,4.02,6.24,6.7,5.15,9.79,8.86,10.12,6.52,3.85,10.47,10.02,5.62,6.05,10.1,6.26,10.33,5.57,6.55,8.33,6.36,8.73,9.55,2.38,4.59,5.67,5.53,11.75,8.61,9.95,11.66,7.64,7.66,6.28,7.22,9.59,8.6,7.04,6.47,7.16,5.58,7.77,6.73,7.15,6.7
DSDSDSDSDSDS,2.5,6.58,5.14,10.99,4.36,7.35,5.35,4.34,0.58,2.72,2.31,6.71,6.59,4.86,1.5,9.03,6.93,10.02,3.4,2.4,1.69,1.5,10.06,3.35,3.31,5.65,3.47,5.69,7.18,8.65,9.55,8.13,5.62,1.81,5.01,7.28,9.53,7.65,1.44,6.28,7.57,0.69,8.6,7.04,10.13,6.04,5.52,4.46,2.53,5.14,6.32
DSSSDSSSDSSS,7,6.58,7.81,11.43,9.32,11.65,10.2,5.74,5.31,7.38,8.52,9.56,10.25,7.31,5.43,11.8,10.44,10.02,6.13,7.46,4.79,7.43,12.83,9.27,8.49,9.42,6.34,8.67,8.47,11.79,11.61,11.82,8.88,5.37,7.88,13.22,12.56,10.34,1.44,13.83,10.99,5.88,8.6,7.04,13.44,13.88,9.12,8.18,2.53,5.14,11.29
DSSSSSDSSSSS,9.1,6.58,8.7,11.57,10.97,13.09,11.81,6.2,6.88,8.94,10.59,10.5,11.47,8.12,6.73,12.72,11.61,10.02,7.04,9.15,5.82,9.41,13.75,11.24,10.22,10.67,7.3,9.66,8.91,12.83,12.3,13.05,9.97,6.56,8.83,15.19,13.58,11.23,1.44,16.34,12.13,7.61,8.6,7.04,14.54,16.49,10.32,9.42,2.53,5.14,12.95
KKRKKHKKGKKP,11.9,6.96,13.12,6.83,18.75,14.76,15.01,16.08,12.46,18.32,18.92,15.37,14.51,12.49,16.1,17.25,7.84,15.07,18.29,19.17,14.53,17.36,5.61,15.49,17.01,15.69,16.68,15.71,18.9,14.88,17.7,17.2,17.06,15.5,17.24,9.85,5.34,15.77,15.21,6.92,16.08,14.78,8.77,16.51,13.31,14.36,17.45,14.94,14.98,16.96,15.4
KKAKKKGKKHKK,9.9,5.79,14.13,5.72,16.84,15.47,15.82,14.72,12.08,14.71,16.12,17.04,15.44,13.37,15.17,17.79,6.29,15.23,17.52,20.64,15.31,14.37,6.19,15.73,13.99,16.53,15.61,16.3,19.15,14.75,17.21,17.96,16.88,16.05,18.27,9.94,4.15,16.9,15.58,6.28,16.84,15.24,6.64,14.25,13.39,14.64,15.62,17.57,15.23,15.19,16.23
KKGKKKGKKHKK,11.3,5.79,15.2,6.18,15.75,16.89,16.84,10.83,7.32,16.35,16.46,17.98,15.2,14.5,14.36,17.79,7.43,15.7,18.29,20.19,16.52,14.63,4.52,16.17,14.3,17.36,11.96,17.02,19.15,15.64,15.13,19.25,19.53,16.69,19.33,10.37,4.83,18.01,15.58,6.28,17.8,15.24,7.67,16.5,14.3,13.68,16.24,16.64,15.23,16.79,17
KKGKKKGKKPKK,9.3,5.79,15.2,3.97,18.89,16.89,16.84,14.25,9.87,18.7,18.54,17.98,15.2,14.98,13.97,17.79,7.38,15.7,20.49,22.32,16.52,17.09,4.71,16.17,17.25,17.36,14.88,17.02,19.15,15.64,17.33,19.25,17.22,13,19.33,10.37,4.83,18.01,15.58,6.28,17.8,15.24,8.6,16.5,15.78,16.41,19.85,16.64,15.23,17.77,17
MPRRRRSSSRPVRRRRRPRVSRRRRRRGGRRRR,19,27.25,15.18,31.99,14.85,28.12,34.08,7.92,15.16,10.96,14.63,8.6,26.66,8.3,13.11,31.45,38.26,10.02,14.34,13.62,29.15,11.8,28.45,32.85,16.18,29.6,12.84,30.61,6.31,32.28,13.3,30.03,13.51,11.59,25.47,31.38,35.12,8.67,26.55,29.59,27.79,15.52,29.26,29.46,17.15,16.71,11.23,36.66,28.49,18.17,32.98
DWNNYLYQNLH,0,11.2,3.67,9.2,1.57,3.58,0.11,1.72,0.8,-1.24,0,4.19,2.88,5.75,2.73,4.91,6.55,5.16,-0.36,2.19,3.75,2.62,6.58,2.11,1.21,2.16,0.88,2.69,9.08,8.68,0.39,4.44,2.66,0.27,3.22,7.48,9.7,5.63,4.62,9.08,2.22,4.37,5.22,7.04,3.49,0.14,2.26,4.09,2.53,1.74,4.41
SYYWLWWHQQI,0,12.6,12.83,10.51,10.99,9.79,11.84,7.38,7.06,8.12,6.27,9.36,9.96,12.19,9.56,4.41,12.85,10.02,5.8,9.12,8.77,10.29,9.4,7.74,3.02,7.36,10.4,5.71,7.32,10.11,3.92,2.62,5.41,8.75,8.97,10.89,11.76,10.61,10.27,9.87,3.24,8.92,6.45,7.04,10.07,9.94,10.15,8.73,4.98,4.01,7.44
NWNWWGLSYLA,0,12.6,6.46,9.67,6.17,8.91,6.43,10.95,8.11,8.32,9.08,6.24,6.03,10.09,1.97,4.41,12.1,6.32,5.59,0.81,6.98,10.83,7.5,5.37,4.27,5.01,8.56,3.33,5.01,10.06,2.26,3.26,5.75,5.22,9.7,9.98,11.61,7.19,5.56,11.27,2.85,7.76,5.11,4.79,7.66,10.17,10.28,5.86,2.53,0.95,7.3
NQYSNWNKNYK,6.94,8.65,12.62,4.87,0.67,6.07,8.23,3.18,2.14,4.02,1.81,12.22,6.77,6.39,2.13,7.59,5.63,4.81,2.22,1.77,6.22,4.46,5.45,7.26,0.9,5.18,1.62,7.36,10.4,8.65,-0.76,10.19,3.87,1.12,11.03,4.31,5.52,8.76,7.03,6.6,6.45,5.38,8.6,9.14,6.28,3.09,5.02,7.06,6.88,5.9,11.4
NENQWHYYWRQ,0,11.58,7.99,6.3,5.04,2.2,4.74,2.81,4.85,2.59,2.64,6.42,5.41,5.11,3.53,4.71,7.24,6.78,5.3,7.09,3.23,6.86,7.75,3.27,-0.21,3.03,4.51,3.21,4.58,7.31,0.75,2.66,0.98,2.69,4.7,2.98,6.75,6.12,8.31,9.28,2.23,4.87,8.77,8.11,5.81,4.16,3.96,2.95,3.73,3.41,5.52
NGTLYLNNYYE,0,6.58,1.74,5.69,2.63,4.67,-0.85,-5.33,-2.85,-4.51,-3.92,4.69,1.21,3.73,0.94,4.79,6.04,5.16,1.07,-1.04,3.7,-1.42,7.5,3.44,-1.79,3.71,-3.09,2.19,5.07,3.28,1.36,2.52,1.35,-1.24,3.68,3.83,10.64,3.45,1.97,8.68,2.81,5.36,6.15,7.04,2.05,-1.06,0.63,4.31,2.95,-0.2,4.42
NSSNHSNNMPCQ,14.06,6.92,4.78,10.45,7.71,3.04,3.57,8.5,8.75,9.74,8.43,7.36,8.12,6.61,0.91,7.19,6.9,3.54,7.1,10.66,1.97,6.69,7.48,5.31,7.16,5.12,2.55,3.62,5.88,9.16,2.74,5.7,6.95,6.24,2.14,6.39,7.69,7.27,3.64,7.88,5.3,4.45,9.18,14.2,8.5,9.41,6.38,1.4,5.72,7.89,7.48
IRTYLRKRNSTQ,8.03,13.07,11.36,15.5,14.42,13.84,16.18,13.94,7.99,9.89,13.87,10.37,13.06,13.92,15.06,11.85,14.37,9.03,10.22,9.22,13.85,12.85,13.6,15.66,14.34,12.58,13.03,11.48,11.38,10.87,12.18,10.83,12.62,14.87,9.48,13.89,15.92,9.78,14.27,11.1,9.85,9.88,10.66,11.29,8.56,9.55,15,12.69,12.63,11.87,11.57
GIFKTTKCKHNS,7.61,15.59,10.78,17.56,6.59,14.75,9.18,14.55,13.68,14.31,7.78,11.75,15.73,12.42,14.6,14.44,11.97,10.58,13.3,15.28,12.69,13.68,14.48,12.51,11.74,12.23,13.75,12.9,13.66,14.29,15.17,15.94,13.83,14.4,11.22,14.72,14.27,11.71,10.01,10.67,10.32,10.8,7.67,13.21,12.61,13.45,14.1,11.73,11.34,16.5,9.97
SNHKMSECRGLR,5.98,8.92,9.65,12.22,13.31,8.52,7.15,13.47,13.42,14.17,13.41,7.44,8.42,6.18,9.11,10.86,11.57,9.03,12.21,7.76,10.11,14.25,11.88,9.31,11.61,8.93,13.73,9.1,8.32,10.28,10.75,12.58,14.39,11.92,10.04,9.91,12.91,11.61,8.98,8.68,9.22,9.14,8.64,10.23,9.88,12.59,12.5,8.78,7.81,8.06,10.76
FNSNKITPTSNM,5.29,6.61,10.21,11.51,8.76,9.21,10.49,13.68,11.01,13.33,7.63,14.4,9.36,11.08,9.42,6.92,11.25,5.79,10.97,10.68,8.26,8.58,9.49,10.66,10.91,8.46,9.84,9.7,11.25,7.96,6.57,10.04,12.58,11.46,6.14,10.73,12.26,10.27,6.86,8.12,9.75,7.71,8.6,4.58,8.59,11.39,13.91,8.71,8.79,9.77,10.63
VNSDPSNGQMRD,4.15,9.91,5.42,9,8.67,4.02,3.92,10.01,9.42,8.91,4.97,7.31,6.12,4.89,6.13,6.37,8.49,6.78,6.09,4.46,5.81,7.82,12.24,8.48,9.83,7.63,7.53,5.96,7.63,7.36,11.26,7.85,11.14,7.56,6.86,12.51,12.2,8.82,7.33,11.93,8.98,5.36,18.56,8.11,7.99,9.23,6.92,4.29,6.65,12.69,9.16
LSNRRGREQYAG,7.08,11.67,7.62,8.78,7.34,8.63,7.56,4.71,3,6.64,8.69,7.32,5.18,7.58,11.72,8.9,9.62,7.94,10.29,10.38,7.11,3.89,12.66,9.76,9.57,6.44,11.05,6.73,5.01,10.07,8.46,8.16,8.41,9.9,7.95,6.37,13.17,6.36,11.32,8.09,8.35,8.67,9.62,8,6.66,10.77,10.32,8.73,9.62,6.35,9.12
QTATENSQMNSG,3.64,6.58,9.69,10.83,9.39,4.83,8.69,9.97,8.47,7.98,6.65,9.95,11.18,7.47,6.56,8.44,7.07,10.69,9.22,6.64,5.42,9.09,8.79,6.03,10.16,6.97,9.94,5.77,8.72,6.26,7.21,7.34,7.85,9.19,5.6,5.88,9.01,10.25,7.24,11.19,9.29,7.02,11.77,4.79,11.71,10.12,7.92,6.66,7.28,7.48,7.56
QTEHYENSARNS,1.09,9.7,5.2,6.43,2.13,3.5,5.2,2.09,1.55,1.56,2.38,6.86,5.59,6.74,0.78,7.92,5.84,6.32,1.8,3.77,3.54,1.97,7.27,6.86,1.79,3.77,3.46,5.68,5.94,7.13,3.1,5.29,3.5,2.45,5.13,5.35,10.37,4.93,6.23,6.73,5.6,6.28,7.73,5.86,5.28,2.9,3.22,4.94,5.08,3.85,5.86
KDRTSKPKRPWC,8.67,13.66,9.38,12.59,17.62,13.95,13.33,18.71,18.63,18.48,16.72,10.44,12.31,12.29,16.72,14.36,10.52,11.91,17.16,16.67,10.03,18.94,9.12,10.82,17.69,12.85,19.06,11.58,11.78,15.31,16.92,12.28,13.06,12.89,13.24,8.75,8.73,10.79,12.53,9.77,10.39,10.73,10.79,12.33,11.99,17.09,17.07,10.25,11.04,14.36,12.37
GRKRGAIWKDTK,12.75,13.37,14.19,14.17,16.93,16.69,13.62,17.19,12.49,14.38,15.34,16.59,11.69,16.89,19.66,12.72,12.55,11.59,17.05,13.74,16.24,15.25,15.36,16.54,16.44,14.35,17.3,16.69,12.96,14.19,24.66,16.43,16.17,16.29,12.83,13.44,12.5,14.05,13.12,11.96,13.56,23.73,14.35,10.08,18.96,13.07,16.65,14.59,22.52,14.45,13.67
CCWHNPKWRRTR,18.46,18.91,10.11,18.54,15.34,10.44,11.03,17.68,18.95,17.39,15.51,7.22,11.95,12.03,16.34,13.69,12.53,9.03,15.42,15.82,10.11,19.21,13.47,12.37,14.29,12.21,16.08,11.84,8.16,14.13,15.11,11.12,12.38,12.36,14.59,9.52,10.83,11.43,13.33,14.9,9.24,10.69,15.25,11.29,13.82,15.4,15.38,8.77,12.26,13.49,12.19
KYTKTRKQSSKA,22.48,11.15,12.92,9.27,13.38,13.74,13.76,13.95,9.9,10.89,12.67,13.77,15.37,14.22,14.67,14.28,9.16,12.36,12.43,13.09,13.71,10.68,12.08,14.39,12.89,14.18,13.85,15.12,18.77,12.2,10.68,16.93,10.6,14.27,17.73,11.53,8.32,13.01,15.01,17.06,14.28,12.92,13.43,11.61,15.22,12.46,11.96,13.44,16.88,11.15,12.92
RGKMPLRWMTRK,17.14,18.31,12.38,16.01,22.31,11.75,15.79,20.97,19.06,21.48,21.11,16.86,14.41,13.33,19.66,14.52,17.07,18.22,20.01,18.49,15.26,19.47,14.38,13.44,20.39,13.64,17.81,12.16,14.54,19.47,16.75,11.98,14.88,22.36,14.44,17.08,15,13.01,13.97,16.39,13.98,20.35,13.02,18.58,11.68,17.93,17.89,13.7,13.33,17.98,15.2
GNCPMKVCSPMG,8.89,11.17,8.09,10.7,15.11,4.72,6.02,10.25,16.84,16.47,14.19,10.39,6.58,8.25,13,7.66,9.96,9.03,16.77,17.44,6.2,12.08,9.78,7.04,15.82,10.35,11.58,6.28,10.12,14.69,9.02,8.71,12.09,14.74,9.49,8.37,10.6,10.89,9.1,7.36,7.79,10.94,14.75,8.09,9.33,16.3,12.78,5.51,7.04,11.75,5.2
VNLPMVMPNLRM,4.53,10.9,3.21,12.53,15.96,3.34,7.06,13.72,14.42,14.18,15.69,10.85,10.43,6.48,11.86,4.53,12.69,13.72,12.02,11.54,8.05,10.47,12.63,8.31,14.54,5.73,8.2,4.95,5.59,9.49,9.56,4.85,8.93,14.17,5.26,9.05,12.78,6.81,6.69,15.6,7.66,7.76,12.08,8.11,6.37,12.24,11.35,7.12,9.75,10.49,8.34
GPMPMNAKMKLC,5.81,15.32,15.91,17.17,17.49,12.98,14.79,15.82,18.59,17.86,15.94,19.87,15.8,18.88,11.47,20.66,16.52,8.11,18.63,18.33,17.83,11.53,16.17,17.87,16.32,17.82,11.89,18.56,19.07,17.48,9.58,16.44,11.29,18.27,14.68,13.85,14.86,21.3,16.37,16.14,21.26,16.29,16.45,12.89,21.17,17.27,15.04,16.62,20.95,17.14,18.68
KVIRYVVAPMKL,8.94,17.31,19.45,15.93,8.64,16.66,13.59,9.55,11.79,9.07,11.08,17.19,19.64,16.8,13.37,18.5,15.36,10.82,10.4,14.69,18.12,5.75,17.55,20.16,8.58,16.65,11.19,19.7,17.43,16.84,10.28,15.3,7.9,9.82,13.02,16.24,15.46,19.65,17.89,18.17,20.28,17.95,17.4,13.96,19.43,9.09,11.73,16.97,21.46,17.89,17.85
IKGMNIKMPTDQ,9.95,8.18,14.26,12.92,16.08,12.68,14.42,16.75,17.4,16.56,13.71,16.45,12.34,15.73,14.36,9.64,14.24,9.66,16.17,17.25,14.49,12.76,13.26,15.33,15.92,14.84,13.01,14.63,13.93,10.24,13.08,9.04,14.21,15.79,8.93,11.62,12.33,14.49,21.85,10.43,13.57,10.89,13.51,9.14,12.02,14.35,14.48,13.18,13.79,16.79,10.89
MWQMKWTRKTRE,16.24,15.76,15.17,15.82,12.93,12.05,19.64,12.77,14.05,19.28,17.14,15.39,17.68,16.14,20.35,16.08,15.14,11.43,16.73,15.03,18.07,16.87,15.08,12.58,19.21,16.45,18.75,16.52,11.61,13.49,15.6,14.31,14.39,21.2,19.86,13.05,12.91,17.37,16.19,13.63,13.74,17.76,12.94,11.28,16.56,17.69,18.13,14.67,16.63,18.31,18.46
HGRKWKRTKFDD,15.49,12.42,13.57,9.78,8.98,12.86,11.22,16.03,10,13.24,11.95,11.94,11.22,12.57,15.2,16.66,10.21,12.06,13.3,12.1,12.74,11.8,13.95,15.76,11.94,13.33,13.52,16.18,12.04,14.57,15.12,16.64,14.45,14.22,15.66,10.91,10.96,15.49,11.21,11.91,12.88,14.91,9.86,8.82,15.24,9.14,12.24,10.22,16.09,12.61,13.79
DKRKIKQKMWWG,10.86,11.7,16.36,13.34,19.03,15.21,18.96,21.55,18.5,19.24,18.4,17.93,15.82,19.3,20.64,12.55,13.76,12.54,18.04,14.31,19.91,20.95,16.03,15.08,19.93,14.34,19.61,15.12,14.73,16.65,17.49,17.23,16.79,17.92,15.29,15.79,11.12,15.91,17.54,11.07,14.81,13.47,9.69,15.4,16.27,16.6,20.25,15.25,13.34,16.18,15.93
RRMVNRTITRMW,15.01,17.4,9.61,19.43,17.28,12.41,19.29,19.52,18.8,16.57,18.29,9.49,18.01,17.56,18.7,11.93,18.82,8.4,14.49,18.73,19.71,17.92,23.61,18.99,17.26,13.76,15.35,16.23,13.79,12.96,19.98,11.54,12.7,17.67,13.58,16.94,19.17,11.77,17.74,22.02,16.45,9.41,22.79,11.31,11.49,14.8,17.28,14.4,19.23,19.27,18.88
HWSTCTRTRTLS,17.1,18.44,12.63,20.55,13.8,16.13,15.94,12.03,14.59,14.31,15.34,10.02,17.52,15.96,14.5,16.08,17.52,10.02,13.14,14.55,13.64,13.96,17.32,12.26,14.64,15.93,13.41,11.41,12.78,8.58,9.98,13.08,11.98,14.25,18.1,12.42,13.85,15.1,10.37,17,11.36,8.92,13.17,9.17,12.71,14.88,12.17,15,13.93,12.37,11.98
WWWKPKREDFMK,6.58,13.68,11.86,9.72,8.71,9.63,14.94,16.81,12.18,19.24,16.59,12.14,12.69,13.97,12.29,13.53,12.79,11.91,16.32,9.83,13.8,14.1,11.37,9.63,15.72,10.7,18.64,13.52,10.77,15.08,10.38,10.56,8.09,11.03,14.47,11.65,9.93,14.49,13.59,9.52,9.74,12.95,9.69,7.75,14.94,15.08,19.25,11.98,11.98,7.51,13.09
HIKWRLTKGTRT,16.08,14.91,16.68,15.38,16.53,19.05,17.35,15,14.94,16.31,17.18,12.47,15.21,17.66,16.04,15.36,17.56,11.43,16.86,15.37,20.29,15.82,17.27,18.26,16.22,16.89,13.51,17.01,14.02,11.64,18.51,14.16,14.77,16.95,15.41,17.15,15.11,15.61,16.96,18.88,16.2,16.09,10.63,11.28,15.13,14.66,15.62,16.1,16.44,13.85,15.21
WDRTSTRPSSVL,13.46,18.26,8.54,18.25,14.86,12.42,14.13,13.64,13.77,12.37,13.86,11.3,13.23,12.53,14.03,12.87,15.33,10.02,13.62,12.34,11.02,14.47,14.16,10.49,14.85,11.24,14.09,11.39,14.02,14,12.54,15.53,13.73,13.63,13.71,19.48,15.11,12.68,10.93,16.27,10.73,10.4,12.93,9.17,11.09,14.91,11.25,12.11,7.56,11.23,11.15
KPWHGCASRTKR,16.19014,12.73,8.98,11.65,15.21,13,10.71,17.83,13.81,13.95,14.83,8.32,10.61,10.81,15.85,11.22,11.21,10.96,12.66,16.17,8.78,14.99,9.33,12.03,14.19,10.58,16.66,9.63,10.17,14.02,15.15,12.36,12.36,10.95,16.67,10.74,9.41,9.35,9.64,11.65,11.4,9.85,8.83,10.77,13.57,15.28,13.6,10.74,9.67,10.69,9.05
KKRLHWIRWHCG,12.01536,15.07,10.7,14.35,17.16,13.93,13.05,16.31,15.33,16.58,14.77,12.98,11.47,15.53,17.5,8.75,15.31,11.28,13.47,16.5,15.2,18,13.73,11.68,15.28,11.95,16.91,10.68,10.15,14.24,19.52,10.05,15.85,13.5,11.57,13.8,12.77,10.4,13.18,11.95,10.76,17.75,12.32,13.02,15.16,14.68,15.68,13.47,17.58,13.16,10.23
RKHHGWRWEQWK,13.59362,14.63,14.46,12.81,14.6,11.81,14.16,16.01,16.26,14.84,16.57,16.57,13.71,13.05,14.07,11.32,16.15,18.93,14.8,16.27,12.6,17.53,12.87,11.86,14.85,15.79,14.24,13.5,14.38,14.53,13.82,11,13.59,14.74,15.65,11.03,10.61,14.39,17.08,16.6,12.74,14.21,8.94,11.28,13.14,13.48,12.13,16.99,12.9,14.28,15.53
WFGLQRHLKKKD,19.0715,17.56,19.98,16.61,12.71,19.39,16.23,15.89,17.64,15.27,16.1,19.73,16.56,18.19,14,18.42,18,16.42,15.27,16.65,17.36,17.82,11.96,22,13.81,18.89,18.05,22.05,21.13,18.1,15.55,17.1,16.03,13.86,17.68,18.69,15.17,20.77,20.89,17.35,20.43,16.68,20.22,13.75,21.23,15.28,15.4,21.18,23,22.41,20.88
CHLKDLRKMGLR,10.1388,18.82,16.69,20.31,17.27,19.25,14.75,17.68,11.87,17.59,14.06,16.08,14.52,14.82,15.48,19.54,18.54,11.28,16.41,12.4,19.48,17.96,16.12,18.88,15.02,20.6,18.48,20.06,18.13,17.9,13.03,17.46,16.36,16.39,19.28,20.03,18.16,18.75,23.24,17.28,22.41,16.22,18.53,17.27,19.65,15.56,16.06,19.46,19.98,18.38,19.45
KMWDWEQKKKWI,34.11149,19.85,21.42,22.07,19.63,22.44,22.22,19.7,21.78,18.14,18.87,28.61,19.28,27.38,20.08,18.91,17.39,31.36,17.32,20.67,26.49,21.77,21.46,14.38,18.68,23.73,19.51,23.23,28.25,23.95,23.96,24.25,18.14,18.74,16.98,26.84,17.63,26.74,22.3,21.9,20.82,23.45,24.57,36.29,22.2,18.12,20.42,25.28,24.73,25.46,20.83
QRHDSHRHGLWL,7.543669,10.56,6.55,10.77,11.61,8.42,6.95,12.08,11.95,10,12.75,5.37,6.5,7.02,6.17,7.43,14.44,10.02,10.47,12.12,7.04,11.05,9.76,6.1,9.24,6.47,10.94,4.42,5.01,8.43,7.81,5.87,10.14,7.46,9.58,9.96,11.9,5.73,6.28,8.32,4.7,9.34,7.07,9.17,7.75,10.92,6.5,7.59,4.85,8.56,5.47
LELKLGKRPMGW,29.24477,28.79,31.74,24.15,21.54,27.85,32.45,19.03,20.72,19.66,19.02,29.82,23.66,26.6,15.93,27.16,24.37,27.82,19.77,17.3,26.51,18.99,25.26,31.73,18.86,29.2,16.85,29.71,24.78,30.8,16.99,25.9,19.89,18.99,25.37,28.79,24.18,31.63,25.49,27.21,37.16,23.16,27.91,29.79,33.34,17.88,19.29,30.17,33.05,33.86,32.9
GQRWLYKMKDSM,11.86265,9.63,14.54,12.86,14.45,10.97,12.95,12.92,14.47,12.12,13.75,12.14,12.29,10.17,15.91,11.96,14.42,11.28,10.94,15.33,14.36,14.35,13.22,8.36,15.07,11.09,15.49,12.85,13.01,12.42,11.82,13.81,9.85,13.56,16.09,9.59,12.95,15.75,14.19,8.77,10.63,10.26,8.47,10.21,11.23,14.58,13.82,10.84,11.19,9.19,10.93
MWVKGMKHKKMK,13.23495,10.06,15.33,10.53,16.02,9.9,17.39,18.19,19.54,18.03,18.23,16.89,15.9,14.24,17.76,16.43,13.13,13.17,17.15,20.42,18.73,17.08,13.87,10.78,16.48,15.27,17.45,15.58,16.29,15.45,16.73,14.64,13.78,14.31,18.7,9.75,8.79,16.61,24.38,6.98,13.55,13.39,9.85,12.29,13.85,14.51,15.24,12.74,14.24,17.33,14.84
LDHTWGKWGHQS,11.50256,10.62,12.26,12.35,7.95,10.99,10.18,10.81,10.55,10.21,11.39,10.96,10.24,12.85,10.73,8.38,12.27,10.65,11.45,11.05,10.13,10.68,10.3,9.8,11.31,9.19,7.76,9.75,10.07,10.7,10.56,10.24,12.92,10.51,14.01,11.2,11.35,12.12,13.51,13.28,9.21,12.76,9.74,8.09,14.23,10.21,7.94,8.53,9.22,9.79,9.57
DKVCKIQKRKWH,12.51172,10.04,16.67,11.53,11.82,13.65,12.53,15.41,15.19,16.58,12.05,14.96,13.66,14.69,18.57,13.27,9.18,12.54,12.14,16.61,14.05,16.53,14.4,15.69,14.34,13.28,16.84,15.15,14.08,12.96,15.3,14.51,14.98,14.13,10.44,12.77,9.12,15.11,13.93,10.24,12.55,13.15,17.33,13.86,14.29,12.27,15.63,11.51,14.3,15.2,12.84
WDWEQKKKWI,31.26163,19.82,19.08,20.45,19.63,20.74,17.76,19.7,21.78,18.14,18.87,25.04,15.94,24.65,20.74,15.65,14.59,30.73,17.32,20.67,21.27,22.05,18.77,12.81,18.68,20.32,19.51,19.96,25.98,21.41,23.96,21.08,20.22,18.74,13.42,24.6,16.43,23.63,18.49,21.9,18,22.99,24.57,35.24,20.12,18.12,20.42,22.16,21.77,21.36,15.87
ERQEEKIKKW,20.79427,9.45,20.97,9.77,13.64,14.07,12.69,13.42,16.94,17.9,18.1,15.51,13.07,12.9,18.93,14.09,9.46,11.91,16.63,19.24,13.84,18.08,17.01,16.41,18.32,13.03,19.12,15.95,11.09,12.25,17.53,14.15,18.61,16.8,9.93,14.54,11.49,16.94,17.5,13.35,17.93,15.48,19.2,11.26,12.34,18.75,20.35,13.19,17.02,15.66,16.14
SDGSKIKDRD,8.630329,8.92,9.54,12.95,13.86,12.21,10.48,13.28,13.15,12.08,10.42,10.86,8.62,11.67,13.2,12.48,8.97,15.66,12.91,9.83,9.52,13.02,11.86,14.22,13.75,8.7,14.45,11.14,10.33,10.72,17.32,9.04,13.45,11.68,8.98,8.86,11.09,11.79,10.38,9.67,14.5,9.09,10.26,10.21,10.48,13.88,12.94,10.33,10.06,10.16,10.42
SSDQDRDKWL,16.82505,9.6,9.01,9.99,13.99,9.11,9.93,15.71,14.36,13.96,11.36,10.56,7.05,7.12,13.15,10.35,7.95,10.65,12.35,11.9,7.02,14.87,11.36,8.77,13.61,8,13.57,8.75,7.06,9.14,14.02,9.4,14.54,14.35,9.09,8.98,11.56,10.08,10.46,9.38,6.96,9.3,8.47,9.16,10.89,13.88,11.65,8.22,7.61,9.38,10.74
LLRLLGLVER,3.037419,8.55,1.77,11.74,17.45,11.17,0.73,15.58,10.4,17.51,18.52,1.97,2.26,4.93,14.01,5.76,13.52,10.02,17.5,12.78,10.7,9.66,11.45,5.88,16.52,6.53,20.19,3.85,4.58,5.38,17.81,4.04,17.57,16.25,7.23,13.04,14.8,2.92,3.72,7.76,4.12,10.33,4.62,9.17,4.8,18.77,16.5,9.78,4.85,6.11,4.73
KEEVWLKWLI,13.42497,18.75,24.04,17.91,18.33,23,18.41,19.55,22.7,19.05,18.44,20.84,20.94,23.81,20.55,20.39,16.82,11.28,17.92,19.19,20.82,19.21,19.85,20.55,18.43,19.88,18.63,24.42,17.53,20.32,20.93,16.97,20.62,15.43,17,23.45,19.46,23.36,19.21,21.91,22.04,19.43,21.01,15.13,23.46,17.61,20.7,20.39,22.57,20.1,23.71
KGKLDKDRNL,23.28052,20.04,19.69,15.78,13.35,18.83,16.44,15.57,15.08,15.84,11.94,15.86,15.91,19.85,15.47,19.59,12.67,23.27,15.65,14.43,15.57,14.55,11.5,19.39,12.69,18.47,14.26,19.71,17.62,19.13,15.75,16.51,16.5,15.6,16.41,16.25,16.22,18.85,20.34,16.58,22.02,20.96,17.35,17.25,21.72,11.44,15.72,18.15,19.65,18.55,20.52
HDDKNKESDD,7.479407,6.64,13.61,6.7,3,6.21,7.74,7.97,6.94,6.24,5.34,12.35,8.07,5.15,6.27,9.62,4.49,9.66,5.79,5.16,4.66,5.22,7.09,5.87,4.69,3.38,4.75,5.87,8.25,8.38,9.95,11.3,9.38,6.09,6.4,3.77,7.56,6.39,8.16,8.66,8.55,2.68,12.47,9.14,6.32,5.15,6.79,6.9,6.85,7.73,6.49
QERRDDILWD,2.296864,12.94,13.13,13.42,9.25,8.7,7.89,13.15,9.87,13.32,12.16,7.75,9.26,8.46,15.25,8.9,13.39,10.02,11.68,13.55,8.45,11.15,13.77,8.02,13.13,5.54,13.06,9.19,11.49,13.06,17.16,8.14,14.25,15.52,6.37,14.07,13.61,9.23,16.13,12.22,7.18,14.63,9.56,9.17,9.26,12.89,15.24,11.18,9.94,12.25,8.69
KRIIEDDQLE,15.19034,11.19,13.63,10.29,14.9,11.46,11.71,19.02,14.73,15.04,14.29,10.88,10.66,9.44,16.42,6.49,14.04,10.65,13.4,12.42,12.29,18.28,14.48,15.14,15.49,7.72,15.67,12.53,10.19,8.5,19.62,6.73,16.87,16.05,3.72,11.7,12.98,8.69,15.16,9.89,8.68,6.59,8.47,9.16,11.65,12.57,19.23,13.75,13.49,14.03,7.6
VCNRIEPLKPIL,21.82239,23.2,25.73,19.56,17.71,22.78,20.12,19.8,18.83,18.45,16.44,21.69,21.22,22.87,19.24,19.35,19.17,18.51,17.55,18.93,19.41,20.45,22.17,25.23,16.47,23.39,18.62,20.58,25.54,23.28,23.95,15.78,15.78,14.05,16.83,19.61,22.85,19.01,18.62,24.4,19.37,15.09,29.06,15.15,21.28,15.31,22.76,19.22,21.74,25.87,19.05
LHSSQWLKVDHLL,18.17873,16.95,19.48,17.69,12.7,19.37,14.48,12.42,11.99,11.48,13.6,16.84,18.17,18.17,11.86,16.98,18.97,10.65,10.57,14.97,16.8,11.83,18.14,15.84,10.9,17.99,11.39,14.77,16.66,16.22,7.51,13.72,11.8,10.65,15.81,23.84,18.62,18.71,15.23,22.9,17.7,15.75,17.64,14.08,21.95,11.51,9.45,18.49,20.24,14.8,21.56
VINKVISNPCVN,8.107188,8.86,12.56,10.6,5.26,10.1,5.33,10.7,11.69,10.48,9.95,10.16,10.7,10.64,11.02,6,9.67,5.79,10.12,9.49,7.41,10.3,12.76,11.29,8.69,6.55,7.6,9.62,10.41,9.54,11.45,5.78,11.45,5.18,5.07,8.75,10.67,8.8,12.19,8.97,6.28,6.57,8.45,8.09,8.07,7.62,9.03,7.73,8.85,11.31,8.05
GNKKNWRWYKNR,14.71334,14.58,17.01,7.88,10.88,10.98,20.43,12.14,10.45,10.15,10.26,15.95,14.03,13.96,9.41,11.51,11.47,7.06,11.6,10.21,12.85,12.24,6.32,10.64,8.19,10.41,9.11,11.82,11.59,15.14,12.14,15.21,9.86,8.95,19.07,8.27,13.09,10,15.18,10.97,9.81,7.49,10.79,12.33,8.56,10.01,11.75,15.62,11.68,11.45,14.75
ICLKSQPICGID,29.49547,24.7,29.48,28.66,15.91,29.1,25,19.83,20.26,18.93,16.1,23.45,29.01,26.15,22.4,28.6,25.34,30.56,17.07,20.04,24.32,20.45,26.02,25.92,17.42,33.5,20.15,27.04,30.3,29.68,25.69,23.19,19.39,19.05,20.86,29.61,26.07,23.33,30.27,26.06,23.32,27.92,34.02,22.35,27.46,19.11,24.6,25.16,25.03,28.79,20.65
LWSDIKMKLKKT,49.37196,39.99,41.5,28.58,21.16,32.83,32.47,20.96,20.05,19.35,19.29,33.88,35.56,31.61,20.8,35.4,29.56,50.11,17.16,20.16,33.77,19.48,25.99,35,18.71,32.46,19.15,35.67,38.71,30.8,22.79,44.11,17.09,18.8,29.55,34.44,24.28,40.24,34.84,29.77,38.62,44.55,42.54,52.16,38.58,18.08,21.84,35.61,35.88,34.42,37.44
NWRDCLSLIVPN,3.179373,11.58,5.54,11.5,8.45,10.12,4.66,15.4,14.76,11.42,10.6,6.35,7.48,8.73,11.53,5.45,12.64,6.78,12.54,8.43,7.75,14.43,11.51,7.09,10.88,6.52,12.87,5.63,7.42,7.38,13.98,2.98,10.97,10.27,6.9,10.28,12.45,6.32,9.33,17.51,4.17,10.48,8.31,8.11,9.6,12.34,13.81,7.92,6.19,9.24,7.7
KMGKLIGIPVLK,47.83688,42.1,37.09,36.85,20.88,39.94,31.88,21.62,20.95,18.14,18.6,32.63,39.65,33.6,22.86,41.44,30.35,49.43,19.35,20.93,37.28,19.48,34.13,35.49,19.57,39.76,20.76,40.88,40.7,34.83,27.28,43.67,19.55,19.12,35.55,42.96,36.57,36.11,35.12,41.03,39.58,44.55,40.31,41.71,40.47,18.58,22.87,40,34.73,43.65,34.85
NDISMCNKNNNW,8.824446,8.96,19.28,11.23,6.33,7.22,11.7,13.05,8.12,10.83,6.3,14.01,12.87,10.31,6.7,7.71,13.51,2.56,10.42,7.49,7.73,12.86,8.38,7.58,5.86,6.66,4.71,7.06,8.75,10.08,11.26,11.91,10.01,5.69,7.71,10.54,10.71,13.22,9.67,8,6.73,11.02,8.6,8.09,9.95,6.24,11.04,9.65,7.95,9.74,14.39
VSLQCWELGPNK,15.70919,10.86,11.33,11.2,15.36,8.14,10.99,15.57,18.25,15.48,14.77,14.75,9.03,9.81,13.2,7.72,15.96,16.68,15.44,11.71,10.62,17.97,10.71,9.05,14.37,12.67,16.13,7.8,13.69,12.18,13.12,7.67,16.33,13.45,10.08,9.45,9.46,7.34,11.4,11.29,9.31,9.14,6.1,15.25,8.09,16.03,14.03,16.68,11.01,9.88,8.78
TVSEPVMMVSVS,7.771304,6.58,5.64,9.31,7.51,3.94,6.39,6.38,13.09,8.21,12.6,8.54,11.79,6.63,10.33,6.44,8.35,10.02,8.75,11.5,4.18,7.61,13.96,6.9,7.2,8.23,12.61,6.14,6.37,7.3,9.16,6.27,8.49,8.47,3.07,6.76,9.71,8.52,6.12,13.72,7.55,14.78,8.41,7.04,11.53,11.48,8.77,6.22,6.05,4.53,5.61
PRSWEVKEKETM,18.27337,14.44,20.23,19.47,14.09,13.36,16.36,13.63,17.21,14.54,14.65,20.87,19.14,16.23,15.99,16.08,12.67,18.93,14.81,13.17,10,14.64,16.59,9.01,15.06,13.76,15.57,12.06,14.63,18.11,14.06,13.21,15.42,14.15,8.34,18.5,15.22,13.87,14.17,19.19,16.39,18.14,23.48,10.21,9.06,14.82,14.14,16.63,12.98,10.08,13.38
PGGVRSNDLLEV,11.18031,7.57,5.44,7.89,11.9,8.32,4.52,9.74,11.79,10.01,9.95,7.68,3.81,7.15,11.95,8.35,9.34,8.4,12.44,9.91,5.78,8.12,10.74,9.26,12.51,7.32,12.47,8.23,6.19,7.76,13.6,5.56,15.1,8.29,7.16,5.74,10.34,4.46,6.96,8.9,9.32,14.96,7.15,8.11,6.34,11.45,9.54,5.77,12.26,6.6,4.18
PVNRLGKMSKNR,28.83256,15.15,13.38,10.08,15.11,8.78,16.53,18.01,14.15,15.77,14.91,10.57,12.61,17.67,11.72,16.97,11.66,24.58,14.59,13.26,12.47,16.38,13.04,11.56,12.96,8.85,12.32,9.15,13.06,13.84,15.14,15.16,15.81,12.75,11.02,9.42,17.37,12.32,16.91,14.87,11.43,13.01,12.44,25.11,10.52,13.55,14.95,11.56,19.15,14,12.29
VGSVKSGNLRMR,26.22986,9.87,10.1,18.63,14.86,10.64,14.65,14.33,11.81,13.42,14.88,10.66,10.23,8.41,15.72,16.69,12.62,17.79,15.2,12.92,15.55,13.79,24.21,14.88,15.36,13.63,14.08,13.33,9.09,11,14.8,12.42,15.11,11.43,15.14,18.16,14.46,12.18,7.57,17.41,18.84,33.52,19.9,22.56,9.7,15.14,11.01,13.48,18.55,13.82,14.28
TSKSKKRMTAKK,29.83349,13.92,11.18,16.18,18.57,12.89,17.13,18.61,15.59,15.87,17.93,18.51,16.88,16.15,17.24,18.37,11.49,12.71,16.83,17.25,17.84,16.36,14.64,15.87,16.95,16.15,18.2,16.41,16.23,15.92,16.28,17.6,13.66,17.89,16.43,18.33,13.22,15.27,13.59,12.17,17.12,21.75,15.28,26.63,13.56,16.99,16.03,14.54,16.36,13,18.68
ETNVRVKVVSES,5.707696,8.21,11.58,6.43,3.1,5.2,5.6,3.71,9.25,6.74,7.9,6.97,10.23,4.14,8.14,10.68,5.12,9.03,6.46,6.49,4.73,5.57,10.66,7.4,6.12,4.71,6.87,7.44,7.56,7.23,2.63,6.47,10.27,2.77,5.08,5.4,8.78,6.24,10.42,6.82,7.28,8.4,9.5,9.16,6.61,6.37,5.68,5.19,5.52,7.12,6.34
EPSNLPKGMNEK,24.69024,13.37,14.03,7.7,14.61,8.77,7.73,15.71,16.21,13.95,12.78,14.84,10.29,9.34,10.92,12.62,9.63,14.98,14.79,13.16,7.76,15.87,11.54,9.73,13.7,11.75,12.58,9.02,15.75,16.32,15.65,10.22,13.49,10.1,9.03,12.25,9.72,10.35,13.59,14.57,12.72,8.27,18.37,9.14,8.48,13.63,14.08,8.49,8.4,14.51,9.59
RLWNSGEGRGEN,12.26758,10.56,7.02,12.12,12.34,9.47,8.04,10.2,10.76,11.12,11.65,5.67,6.7,7.3,10.92,9.79,11.02,11.16,12.98,6.95,8.91,15.17,9.93,12.48,14.09,7.33,11.63,7.95,5.01,10.22,10.89,7.85,15.98,9.63,10.51,10.04,11.62,8.08,4.98,8.06,9.67,6.28,9.56,9.17,8.32,13.97,11.66,9.83,4.85,6.79,10
ELNTGLVLVNWK,0,8.62,8.68,8.21,10.39,10.51,11.98,11.47,11.54,5.75,10.23,8.52,7.3,9.1,2.78,7.64,10.43,7.41,10.84,7.84,10.66,12.79,13.76,8.67,10.64,7.36,8.17,7.47,6.69,8.33,6.53,7.12,13.13,5.4,8.07,10.55,13.19,8.67,7.82,7.59,7.31,10.44,4.83,8.09,8.17,10.01,7.63,8.56,8.61,7.33,9.37
