,pattern,weight,status,match_direction,position_weights,group_id,group_op
0,"[ACDFHIKMPQRSTVY][DGHKMNPQRST][AFGHKLMNPQRTVY][ACEFHIKMPRTV]_{1,3}_{2,6}",4.82,1,both,,0,and
2,"[ADFGLMPTVY][ADEFGHLMNPRST][AEFGKLMNPQRVY][ACDEFHIKMNPRSTVY]_{1,6}_{3,6}",3.8,1,both,,0,and
3,"[ACDEFHIKLMPQRSTVY][AGHMNPQRST][ADFKLMNPQRTVY][AEFHIKMPRTVY]_{1,3}_{2,6}",2.62,1,both,,0,and
5,"[ACDFHIKMPQRTVY][CDFGHKMPQRST][ADFKLMNPQRTVY][ACEFHIKMPRTV]_{1,3}_{2,6}",3.45,1,both,,0,and
6,"[ACDEFGHIKMPQRTVY][GHMNPQRST][AFKLMNPQRTVY][ACEFGHIKMPQRTV]_{1,3}_{2,6}",6.41,1,reverse,,0,and
7,"[ACDFHIKLMNPTVWY][DEFGIKLMPQRSTVW][AGKLNPST][AEFHIKMPQRTVW]_{1,6}_{1,6}",14.77,1,both,,0,and
8,"[ACDEFKMNQRTVWY][DEFHIMPQRSTVW][ACEIKLNPSV][DEFGHIMPQRTVWY]_{2,5}_{2,6}",15.26,1,both,,0,and
10,"[ACDEFKMNQRTVWY][DEFGMPQRSTV][AEIKLMNPSVW][AEFGHIKMPQRTVWY]_{2,4}_{2,6}",16.03,1,both,,0,and
12,"[ACDEFGHIKLPQRSTVY][CGHKLMNPQRSTW][AFKLMNPQTV][AEFHIKMPRTV]_{1,3}_{2,3}",6.44,1,both,,0,and
13,"[ADFGIPTY][ACDEFGHMNPQRSTV][ADFGKLNPQRSVY][ACDEFHIKNPRSTVY]_{2,5}_{4,6}",4.44,1,forward,,0,and
14,"[ACDFGKLNQTVY][ACEFGHLNPQSTW][AEFHKLMNPSVWY][AEFGHIKPQRTWY]_{1,5}_{3,6}",11.89,1,both,,0,and
15,"[ADFKLMNPQTVWY][ADEFGIKLMNPQRSTV][ACEGKLPS][AEFHIKMPQRTVWY]_{1,6}_{2,6}",11.61,1,both,,0,and
16,"[ADEFGHLPTVY][ACDEFGHMNPST][AEFGKLNPQRVY][ACDEFHIKMNPRSTVY]_{1,6}_{1,4}",5.24,1,both,,0,and
19,"[ACDFGNPTVY][ADEFGHMNPSTW][AFGKNQRSVY][ACDEFHIKNPQRSTVY]_{1,6}_{1,4}",2.02,1,both,,0,and
21,"[ACDFHIKMPQRTVY][CDFGHKMNPQRST][ADFKLMNPQRTVY][ACEFHIKMPRTV]_{1,4}",2.12,1,both,,0,and
23,"[ACDEFGHKLNQRSTVY]_{1,5}[EFGHKLSVWY]_{1,2}[CDEFGILMNPQRSTVW]_{1,4}",4.54,1,both,,0,and
24,"[ACDEFGHIKMPQRTVY][DGHMNPQRST][AEFKLMNPQRTVY][ACEFGHIKMPRTV]_{1,3}",7.78,1,forward,,0,and
28,"[ADEFGHLPTVY][ACDEFGHMNPST][AEFGKLNPQRVY][ACDEFHIKMNPRSTVY]_{1,6}",5.7,1,reverse,,0,and
29,"[ACDFIKLMNPSTVWY][DEFGIKLMPQRSTW][AFGKLMNPQST][EFHIKMPQRTV]_{1,6}",14.55,1,reverse,,0,and
31,"[ACDFGNPTVY][ADEFGHMNPSTW][AFGKLNPQRSVY][ACDEFHIKNPQRSTVY]_{1,6}",2.6,1,both,,0,and
32,[ADFGIPTVY][ACDEFGHMNPRST][ADFGKLNPQRSVY][GKWY][ACDEFHIKNPRSTVY],9.87,1,forward,,0,and
34,"[ACDEFGHKLNQRSTVY]_{1,6}[DEFGHKLRSTVWY][CDEFGILMNPQRSTVW]_{1,3}",3.39,1,both,,0,and
37,[ACEFIKLMNST][ACDEFGHIKLNPQRSVWY][CDEFIKLMNPQRTVWY][CKMQSVW],13.24,1,both,,0,and
41,[ACEFIKLMNST][ACDEFGHIKLNPQRVWY][CDEFHIKLMNPQRSTVWY][KQSWY],12.36,1,both,,0,and
43,[ACDFHIKMPQRTVY][FGHMNPQRSTV][AEFKLMNPQTVWY][ADEFGHIKMNRTV],6.18,1,both,,0,and
47,[ADEFGKNPQTVY][ACEGHLMNPRSTVW][AFHIKLMNPSTVW][ADEFHIKPRTW],10.93,1,both,,0,and
48,[ACEFGHKLNQRSTVY][ACEFGHKLRSVWY][CDEFILMNPQRSTVWY][ADGLVW],3.14,1,both,,0,and
49,"[ACDEFGHKLNQRSTVY][DEFGHKLRSTVWY][CDEFGILMNPQRSTVW]_{1,3}",3.68,1,both,,0,and
64,[ACEFGHIKLMNPQRSTVW][CDEGIKNPSTVW][CDEFHLNPQRSTVWY],2.73,1,both,,0,and
70,[ADFGIKPTVY][ACDEFGHMNPRST][ACDEFHIKLNPRSTVY],5.47,1,both,,0,and
88,[DEFGHIKLRSTVWY][CDEFGILMNPQRSTVW],3.06,1,both,,0,and
90,[ACDEFGHKLNQRSTVY][DEFGHIKLRSTVWY],2.82,1,forward,,0,and
93,[ACDEFGHIKLMNPQSTVWY],1.46,1,forward,,0,and
