sequence,fitness,sheet,construct,construct_type,mean_raw,sd_raw,n,normalization
S01:B2_01 S02:B2_02 S03:B2_03 S04:B2_04 S05:B2_05 S06:B2_06 S07:B2_07 S08:B2_08 S09:B2_09 S10:B2_10 S11:B2_11 S12:B2_12,1.0,B2chimeraMultihance,B2,native_B2,9.138072,4.588231306785111,3,b2_ratio
S01:B3_01 S02:B2_02 S03:B2_03 S04:B2_04 S05:B2_05 S06:B2_06 S07:B2_07 S08:B2_08 S09:B2_09 S10:B2_10 S11:B2_11 S12:B2_12,2.0912289448656862,B2chimeraMultihance,TM1,B2_backbone_B3_TM01,19.10980066666667,3.415012828268193,3,b2_ratio
S01:B2_01 S02:B2_02 S03:B2_03 S04:B2_04 S05:B2_05 S06:B2_06 S07:B2_07 S08:B2_08 S09:B2_09 S10:B3_10 S11:B2_11 S12:B2_12,0.31046100315252495,B2chimeraMultihance,TM10,B2_backbone_B3_TM10,2.8370149999999996,0.29772432103037877,3,b2_ratio
S01:B2_01 S02:B2_02 S03:B2_03 S04:B2_04 S05:B2_05 S06:B2_06 S07:B2_07 S08:B2_08 S09:B2_09 S10:B2_10 S11:B3_11 S12:B2_12,0.7706188278373527,B2chimeraMultihance,TM11,B2_backbone_B3_TM11,7.0419703333333326,0.44364079364992254,3,b2_ratio
S01:B2_01 S02:B2_02 S03:B2_03 S04:B2_04 S05:B2_05 S06:B2_06 S07:B2_07 S08:B2_08 S09:B2_09 S10:B2_10 S11:B2_11 S12:B3_12,0.42171397496831575,B2chimeraMultihance,TM12,B2_backbone_B3_TM12,3.8536526666666666,0.4324379207890232,3,b2_ratio
S01:B2_01 S02:B3_02 S03:B2_03 S04:B2_04 S05:B2_05 S06:B2_06 S07:B2_07 S08:B2_08 S09:B2_09 S10:B2_10 S11:B2_11 S12:B2_12,1.489962981250312,B2chimeraMultihance,TM2,B2_backbone_B3_TM02,13.615388999999999,3.2316066990955123,3,b2_ratio
S01:B2_01 S02:B2_02 S03:B3_03 S04:B2_04 S05:B2_05 S06:B2_06 S07:B2_07 S08:B2_08 S09:B2_09 S10:B2_10 S11:B2_11 S12:B2_12,3.3048347251659504,B2chimeraMultihance,TM3,B2_backbone_B3_TM03,30.199817666666664,8.25507227324354,3,b2_ratio
S01:B2_01 S02:B2_02 S03:B2_03 S04:B3_04 S05:B2_05 S06:B2_06 S07:B2_07 S08:B2_08 S09:B2_09 S10:B2_10 S11:B2_11 S12:B2_12,2.2816169172957563,B2chimeraMultihance,TM4,B2_backbone_B3_TM04,20.849579666666667,3.447472721695465,3,b2_ratio
S01:B2_01 S02:B2_02 S03:B2_03 S04:B2_04 S05:B3_05 S06:B2_06 S07:B2_07 S08:B2_08 S09:B2_09 S10:B2_10 S11:B2_11 S12:B2_12,0.7049902138365002,B2chimeraMultihance,TM5,B2_backbone_B3_TM05,6.442251333333334,0.8628918717848333,3,b2_ratio
S01:B2_01 S02:B2_02 S03:B2_03 S04:B2_04 S05:B2_05 S06:B3_06 S07:B2_07 S08:B2_08 S09:B2_09 S10:B2_10 S11:B2_11 S12:B2_12,5.050684214350687,B2chimeraMultihance,TM6,B2_backbone_B3_TM06,46.153516,4.57325468879233,3,b2_ratio
S01:B2_01 S02:B2_02 S03:B2_03 S04:B2_04 S05:B2_05 S06:B2_06 S07:B3_07 S08:B2_08 S09:B2_09 S10:B2_10 S11:B2_11 S12:B2_12,0.4422130838977851,B2chimeraMultihance,TM7,B2_backbone_B3_TM07,4.040975,0.12373795897783345,3,b2_ratio
S01:B2_01 S02:B2_02 S03:B2_03 S04:B2_04 S05:B2_05 S06:B2_06 S07:B2_07 S08:B3_08 S09:B2_09 S10:B2_10 S11:B2_11 S12:B2_12,0.4726743234240221,B2chimeraMultihance,TM8,B2_backbone_B3_TM08,4.319332,0.5678440980788652,3,b2_ratio
S01:B2_01 S02:B2_02 S03:B2_03 S04:B2_04 S05:B2_05 S06:B2_06 S07:B2_07 S08:B2_08 S09:B3_09 S10:B2_10 S11:B2_11 S12:B2_12,1.4357575281379558,B2chimeraMultihance,TM9,B2_backbone_B3_TM09,13.120055666666666,2.193797781926432,3,b2_ratio
S01:B2_01 S02:B2_02 S03:B2_03 S04:B2_04 S05:B2_05 S06:B2_06 S07:B2_07 S08:B2_08 S09:B2_09 S10:B2_10 S11:B2_11 S12:B2_12,1.0,B3chimeraMultihance,B2,native_B2,27.912781666666664,4.839654596201814,3,b2_ratio
S01:B3_01 S02:B3_02 S03:B3_03 S04:B3_04 S05:B3_05 S06:B3_06 S07:B3_07 S08:B3_08 S09:B3_09 S10:B3_10 S11:B3_11 S12:B3_12,0.19681439846942284,B3chimeraMultihance,B3,native_B3,5.493637333333333,1.451851825213694,3,b2_ratio
S01:B2_01 S02:B3_02 S03:B3_03 S04:B3_04 S05:B3_05 S06:B3_06 S07:B3_07 S08:B3_08 S09:B3_09 S10:B3_10 S11:B3_11 S12:B3_12,0.19095210205073918,B3chimeraMultihance,T1,B3_backbone_B2_TM01,5.330004333333334,0.9059762913544331,3,b2_ratio
S01:B3_01 S02:B3_02 S03:B3_03 S04:B3_04 S05:B3_05 S06:B3_06 S07:B3_07 S08:B3_08 S09:B3_09 S10:B2_10 S11:B3_11 S12:B3_12,0.19553248873022272,B3chimeraMultihance,T10,B3_backbone_B2_TM10,5.457855666666667,0.4466162047892277,3,b2_ratio
S01:B3_01 S02:B3_02 S03:B3_03 S04:B3_04 S05:B3_05 S06:B3_06 S07:B3_07 S08:B3_08 S09:B3_09 S10:B3_10 S11:B2_11 S12:B3_12,0.10433278804351818,B3chimeraMultihance,T11,B3_backbone_B2_TM11,2.912218333333333,0.10152004222976531,3,b2_ratio
S01:B3_01 S02:B3_02 S03:B3_03 S04:B3_04 S05:B3_05 S06:B3_06 S07:B3_07 S08:B3_08 S09:B3_09 S10:B3_10 S11:B3_11 S12:B2_12,0.18528859150488347,B3chimeraMultihance,T12,B3_backbone_B2_TM12,5.17192,0.17671151799755438,3,b2_ratio
S01:B3_01 S02:B2_02 S03:B3_03 S04:B3_04 S05:B3_05 S06:B3_06 S07:B3_07 S08:B3_08 S09:B3_09 S10:B3_10 S11:B3_11 S12:B3_12,0.13030482033051885,B3chimeraMultihance,T2,B3_backbone_B2_TM02,3.63717,0.2731751527481953,3,b2_ratio
S01:B3_01 S02:B3_02 S03:B2_03 S04:B3_04 S05:B3_05 S06:B3_06 S07:B3_07 S08:B3_08 S09:B3_09 S10:B3_10 S11:B3_11 S12:B3_12,0.19433650139610475,B3chimeraMultihance,T3,B3_backbone_B2_TM03,5.424472333333333,0.4729027338579605,3,b2_ratio
S01:B3_01 S02:B3_02 S03:B3_03 S04:B2_04 S05:B3_05 S06:B3_06 S07:B3_07 S08:B3_08 S09:B3_09 S10:B3_10 S11:B3_11 S12:B3_12,0.09549844817210085,B3chimeraMultihance,T4,B3_backbone_B2_TM04,2.665627333333333,0.1484781592232786,3,b2_ratio
S01:B3_01 S02:B3_02 S03:B3_03 S04:B3_04 S05:B2_05 S06:B3_06 S07:B3_07 S08:B3_08 S09:B3_09 S10:B3_10 S11:B3_11 S12:B3_12,0.21578236350384047,B3chimeraMultihance,T5,B3_backbone_B2_TM05,6.023086,0.6115527895840225,3,b2_ratio
S01:B3_01 S02:B3_02 S03:B3_03 S04:B3_04 S05:B3_05 S06:B2_06 S07:B3_07 S08:B3_08 S09:B3_09 S10:B3_10 S11:B3_11 S12:B3_12,0.0967494760017051,B3chimeraMultihance,T6,B3_backbone_B2_TM06,2.7005470000000003,0.46186583873241827,3,b2_ratio
S01:B3_01 S02:B3_02 S03:B3_03 S04:B3_04 S05:B3_05 S06:B3_06 S07:B2_07 S08:B3_08 S09:B3_09 S10:B3_10 S11:B3_11 S12:B3_12,0.7299384290434687,B3chimeraMultihance,T7,B3_backbone_B2_TM07,20.374612,1.6152054173321124,3,b2_ratio
S01:B3_01 S02:B3_02 S03:B3_03 S04:B3_04 S05:B3_05 S06:B3_06 S07:B3_07 S08:B2_08 S09:B3_09 S10:B3_10 S11:B3_11 S12:B3_12,0.5186568709950024,B3chimeraMultihance,T8,B3_backbone_B2_TM08,14.477155999999999,1.1702734697479897,3,b2_ratio
S01:B3_01 S02:B3_02 S03:B3_03 S04:B3_04 S05:B3_05 S06:B3_06 S07:B3_07 S08:B3_08 S09:B2_09 S10:B3_10 S11:B3_11 S12:B3_12,0.14937568923770825,B3chimeraMultihance,T9,B3_backbone_B2_TM09,4.169491,0.40316569427841936,3,b2_ratio
